"Method","Correlation","P_value"
"Pearson",-0.121261732174963,1.81013145814273e-15
"Spearman",0.135919455918097,4.51175050587463e-19
